sample_id,compuesto_id,abundancia,unidad
alinc2026_fo_r01,alinc2026_cmp001,10156509.0,area_de_pico
alinc2026_fo_r02,alinc2026_cmp001,2155809.0,area_de_pico
alinc2026_fo_r03,alinc2026_cmp001,87636.0,area_de_pico
alinc2026_fo_r04,alinc2026_cmp001,28285032.0,area_de_pico
alinc2026_fo_r05,alinc2026_cmp001,22103237.0,area_de_pico
alinc2026_t22fo_r01,alinc2026_cmp001,571254.0,area_de_pico
alinc2026_t22fo_r02,alinc2026_cmp001,0.0,area_de_pico
alinc2026_t22fo_r03,alinc2026_cmp001,0.0,area_de_pico
alinc2026_t22fo_r04,alinc2026_cmp001,34121250.0,area_de_pico
alinc2026_t22fo_r05,alinc2026_cmp001,7538142.0,area_de_pico
alinc2026_ctrl_r01,alinc2026_cmp001,363320.0,area_de_pico
alinc2026_ctrl_r02,alinc2026_cmp001,98836.0,area_de_pico
alinc2026_ctrl_r03,alinc2026_cmp001,2797790.0,area_de_pico
alinc2026_ctrl_r04,alinc2026_cmp001,506541.0,area_de_pico
alinc2026_ctrl_r05,alinc2026_cmp001,0.0,area_de_pico
alinc2026_fo_r01,alinc2026_cmp002,26281744.0,area_de_pico
alinc2026_fo_r02,alinc2026_cmp002,134673905.0,area_de_pico
alinc2026_fo_r03,alinc2026_cmp002,1156528.0,area_de_pico
alinc2026_fo_r04,alinc2026_cmp002,1394884843.0,area_de_pico
alinc2026_fo_r05,alinc2026_cmp002,1240349809.0,area_de_pico
alinc2026_t22fo_r01,alinc2026_cmp002,5485245.0,area_de_pico
alinc2026_t22fo_r02,alinc2026_cmp002,3823573.0,area_de_pico
alinc2026_t22fo_r03,alinc2026_cmp002,16633692.0,area_de_pico
alinc2026_t22fo_r04,alinc2026_cmp002,1981852311.0,area_de_pico
alinc2026_t22fo_r05,alinc2026_cmp002,601116181.0,area_de_pico
alinc2026_ctrl_r01,alinc2026_cmp002,1828108.0,area_de_pico
alinc2026_ctrl_r02,alinc2026_cmp002,4771342.0,area_de_pico
alinc2026_ctrl_r03,alinc2026_cmp002,261567594.0,area_de_pico
alinc2026_ctrl_r04,alinc2026_cmp002,52014715.0,area_de_pico
alinc2026_ctrl_r05,alinc2026_cmp002,2692877.0,area_de_pico
alinc2026_fo_r01,alinc2026_cmp003,19614702.0,area_de_pico
alinc2026_fo_r02,alinc2026_cmp003,151542790.0,area_de_pico
alinc2026_fo_r03,alinc2026_cmp003,1209637.0,area_de_pico
alinc2026_fo_r04,alinc2026_cmp003,880785742.0,area_de_pico
alinc2026_fo_r05,alinc2026_cmp003,1430656688.0,area_de_pico
alinc2026_t22fo_r01,alinc2026_cmp003,4300299.0,area_de_pico
alinc2026_t22fo_r02,alinc2026_cmp003,3846631.0,area_de_pico
alinc2026_t22fo_r03,alinc2026_cmp003,9887883.0,area_de_pico
alinc2026_t22fo_r04,alinc2026_cmp003,1580710952.0,area_de_pico
alinc2026_t22fo_r05,alinc2026_cmp003,522989802.0,area_de_pico
alinc2026_ctrl_r01,alinc2026_cmp003,640409.0,area_de_pico
alinc2026_ctrl_r02,alinc2026_cmp003,1750503.0,area_de_pico
alinc2026_ctrl_r03,alinc2026_cmp003,133546724.0,area_de_pico
alinc2026_ctrl_r04,alinc2026_cmp003,40454538.0,area_de_pico
alinc2026_ctrl_r05,alinc2026_cmp003,1582049.0,area_de_pico
alinc2026_fo_r01,alinc2026_cmp004,1111032.0,area_de_pico
alinc2026_fo_r02,alinc2026_cmp004,4111435.0,area_de_pico
alinc2026_fo_r03,alinc2026_cmp004,563068.0,area_de_pico
alinc2026_fo_r04,alinc2026_cmp004,63530311.0,area_de_pico
alinc2026_fo_r05,alinc2026_cmp004,52499856.0,area_de_pico
alinc2026_t22fo_r01,alinc2026_cmp004,621674.0,area_de_pico
alinc2026_t22fo_r02,alinc2026_cmp004,284905.0,area_de_pico
alinc2026_t22fo_r03,alinc2026_cmp004,300751.0,area_de_pico
alinc2026_t22fo_r04,alinc2026_cmp004,107978456.0,area_de_pico
alinc2026_t22fo_r05,alinc2026_cmp004,38561755.0,area_de_pico
alinc2026_ctrl_r01,alinc2026_cmp004,619726.0,area_de_pico
alinc2026_ctrl_r02,alinc2026_cmp004,601949.0,area_de_pico
alinc2026_ctrl_r03,alinc2026_cmp004,8536250.0,area_de_pico
alinc2026_ctrl_r04,alinc2026_cmp004,1388862.0,area_de_pico
alinc2026_ctrl_r05,alinc2026_cmp004,303568.0,area_de_pico
alinc2026_fo_r01,alinc2026_cmp005,2303480.0,area_de_pico
alinc2026_fo_r02,alinc2026_cmp005,15255329.0,area_de_pico
alinc2026_fo_r03,alinc2026_cmp005,738843.0,area_de_pico
alinc2026_fo_r04,alinc2026_cmp005,166719762.0,area_de_pico
alinc2026_fo_r05,alinc2026_cmp005,144968932.0,area_de_pico
alinc2026_t22fo_r01,alinc2026_cmp005,302134.0,area_de_pico
alinc2026_t22fo_r02,alinc2026_cmp005,172621.0,area_de_pico
alinc2026_t22fo_r03,alinc2026_cmp005,533057.0,area_de_pico
alinc2026_t22fo_r04,alinc2026_cmp005,241916584.0,area_de_pico
alinc2026_t22fo_r05,alinc2026_cmp005,54622324.0,area_de_pico
alinc2026_ctrl_r01,alinc2026_cmp005,64030.0,area_de_pico
alinc2026_ctrl_r02,alinc2026_cmp005,0.0,area_de_pico
alinc2026_ctrl_r03,alinc2026_cmp005,16567697.0,area_de_pico
alinc2026_ctrl_r04,alinc2026_cmp005,3241750.0,area_de_pico
alinc2026_ctrl_r05,alinc2026_cmp005,644533.0,area_de_pico
alinc2026_fo_r01,alinc2026_cmp006,2096896.0,area_de_pico
alinc2026_fo_r02,alinc2026_cmp006,49638764.0,area_de_pico
alinc2026_fo_r03,alinc2026_cmp006,912226.0,area_de_pico
alinc2026_fo_r04,alinc2026_cmp006,32325039.0,area_de_pico
alinc2026_fo_r05,alinc2026_cmp006,49415760.0,area_de_pico
alinc2026_t22fo_r01,alinc2026_cmp006,748848.0,area_de_pico
alinc2026_t22fo_r02,alinc2026_cmp006,390645.0,area_de_pico
alinc2026_t22fo_r03,alinc2026_cmp006,0.0,area_de_pico
alinc2026_t22fo_r04,alinc2026_cmp006,76502131.0,area_de_pico
alinc2026_t22fo_r05,alinc2026_cmp006,38239045.0,area_de_pico
alinc2026_ctrl_r01,alinc2026_cmp006,88655.0,area_de_pico
alinc2026_ctrl_r02,alinc2026_cmp006,0.0,area_de_pico
alinc2026_ctrl_r03,alinc2026_cmp006,6294659.0,area_de_pico
alinc2026_ctrl_r04,alinc2026_cmp006,798573.0,area_de_pico
alinc2026_ctrl_r05,alinc2026_cmp006,998457.0,area_de_pico
alinc2026_fo_r01,alinc2026_cmp007,112511963.0,area_de_pico
alinc2026_fo_r02,alinc2026_cmp007,296011443.0,area_de_pico
alinc2026_fo_r03,alinc2026_cmp007,5342292.0,area_de_pico
alinc2026_fo_r04,alinc2026_cmp007,3015903606.0,area_de_pico
alinc2026_fo_r05,alinc2026_cmp007,2721621539.0,area_de_pico
alinc2026_t22fo_r01,alinc2026_cmp007,38548673.0,area_de_pico
alinc2026_t22fo_r02,alinc2026_cmp007,20084141.0,area_de_pico
alinc2026_t22fo_r03,alinc2026_cmp007,85081687.0,area_de_pico
alinc2026_t22fo_r04,alinc2026_cmp007,3785816227.0,area_de_pico
alinc2026_t22fo_r05,alinc2026_cmp007,1760619596.0,area_de_pico
alinc2026_ctrl_r01,alinc2026_cmp007,8200210.0,area_de_pico
alinc2026_ctrl_r02,alinc2026_cmp007,18563027.0,area_de_pico
alinc2026_ctrl_r03,alinc2026_cmp007,876114021.0,area_de_pico
alinc2026_ctrl_r04,alinc2026_cmp007,222237528.0,area_de_pico
alinc2026_ctrl_r05,alinc2026_cmp007,11892937.0,area_de_pico
alinc2026_fo_r01,alinc2026_cmp008,20839598.0,area_de_pico
alinc2026_fo_r02,alinc2026_cmp008,107144860.0,area_de_pico
alinc2026_fo_r03,alinc2026_cmp008,606931.0,area_de_pico
alinc2026_fo_r04,alinc2026_cmp008,1196522581.0,area_de_pico
alinc2026_fo_r05,alinc2026_cmp008,1021323095.0,area_de_pico
alinc2026_t22fo_r01,alinc2026_cmp008,3938481.0,area_de_pico
alinc2026_t22fo_r02,alinc2026_cmp008,1802473.0,area_de_pico
alinc2026_t22fo_r03,alinc2026_cmp008,8865030.0,area_de_pico
alinc2026_t22fo_r04,alinc2026_cmp008,1383495426.0,area_de_pico
alinc2026_t22fo_r05,alinc2026_cmp008,544992269.0,area_de_pico
alinc2026_ctrl_r01,alinc2026_cmp008,575166.0,area_de_pico
alinc2026_ctrl_r02,alinc2026_cmp008,2409973.0,area_de_pico
alinc2026_ctrl_r03,alinc2026_cmp008,195597674.0,area_de_pico
alinc2026_ctrl_r04,alinc2026_cmp008,45228810.0,area_de_pico
alinc2026_ctrl_r05,alinc2026_cmp008,1784421.0,area_de_pico
alinc2026_fo_r01,alinc2026_cmp009,5581369.0,area_de_pico
alinc2026_fo_r02,alinc2026_cmp009,64356040.0,area_de_pico
alinc2026_fo_r03,alinc2026_cmp009,160618.0,area_de_pico
alinc2026_fo_r04,alinc2026_cmp009,606174878.0,area_de_pico
alinc2026_fo_r05,alinc2026_cmp009,610610607.0,area_de_pico
alinc2026_t22fo_r01,alinc2026_cmp009,902593.0,area_de_pico
alinc2026_t22fo_r02,alinc2026_cmp009,0.0,area_de_pico
alinc2026_t22fo_r03,alinc2026_cmp009,1839392.0,area_de_pico
alinc2026_t22fo_r04,alinc2026_cmp009,829396402.0,area_de_pico
alinc2026_t22fo_r05,alinc2026_cmp009,183414988.0,area_de_pico
alinc2026_ctrl_r01,alinc2026_cmp009,17600.0,area_de_pico
alinc2026_ctrl_r02,alinc2026_cmp009,542976.0,area_de_pico
alinc2026_ctrl_r03,alinc2026_cmp009,67769177.0,area_de_pico
alinc2026_ctrl_r04,alinc2026_cmp009,12246295.0,area_de_pico
alinc2026_ctrl_r05,alinc2026_cmp009,263097.0,area_de_pico
alinc2026_fo_r01,alinc2026_cmp010,3910509.0,area_de_pico
alinc2026_fo_r02,alinc2026_cmp010,202436523.0,area_de_pico
alinc2026_fo_r03,alinc2026_cmp010,303561.0,area_de_pico
alinc2026_fo_r04,alinc2026_cmp010,68738874.0,area_de_pico
alinc2026_fo_r05,alinc2026_cmp010,88278001.0,area_de_pico
alinc2026_t22fo_r01,alinc2026_cmp010,2183773.0,area_de_pico
alinc2026_t22fo_r02,alinc2026_cmp010,2856369.0,area_de_pico
alinc2026_t22fo_r03,alinc2026_cmp010,2650034.0,area_de_pico
alinc2026_t22fo_r04,alinc2026_cmp010,1246676792.0,area_de_pico
alinc2026_t22fo_r05,alinc2026_cmp010,105253543.0,area_de_pico
alinc2026_ctrl_r01,alinc2026_cmp010,469485.0,area_de_pico
alinc2026_ctrl_r02,alinc2026_cmp010,636074.0,area_de_pico
alinc2026_ctrl_r03,alinc2026_cmp010,15704428.0,area_de_pico
alinc2026_ctrl_r04,alinc2026_cmp010,6705961.0,area_de_pico
alinc2026_ctrl_r05,alinc2026_cmp010,937077.0,area_de_pico
alinc2026_fo_r01,alinc2026_cmp011,36511142.0,area_de_pico
alinc2026_fo_r02,alinc2026_cmp011,72375994.0,area_de_pico
alinc2026_fo_r03,alinc2026_cmp011,4286610.0,area_de_pico
alinc2026_fo_r04,alinc2026_cmp011,85035189.0,area_de_pico
alinc2026_fo_r05,alinc2026_cmp011,200366114.0,area_de_pico
alinc2026_t22fo_r01,alinc2026_cmp011,4336385.0,area_de_pico
alinc2026_t22fo_r02,alinc2026_cmp011,3145198.0,area_de_pico
alinc2026_t22fo_r03,alinc2026_cmp011,17319900.0,area_de_pico
alinc2026_t22fo_r04,alinc2026_cmp011,292883573.0,area_de_pico
alinc2026_t22fo_r05,alinc2026_cmp011,29403035.0,area_de_pico
alinc2026_ctrl_r01,alinc2026_cmp011,573890.0,area_de_pico
alinc2026_ctrl_r02,alinc2026_cmp011,4413088.0,area_de_pico
alinc2026_ctrl_r03,alinc2026_cmp011,50706048.0,area_de_pico
alinc2026_ctrl_r04,alinc2026_cmp011,11800039.0,area_de_pico
alinc2026_ctrl_r05,alinc2026_cmp011,2893691.0,area_de_pico
alinc2026_fo_r01,alinc2026_cmp012,165959299.0,area_de_pico
alinc2026_fo_r02,alinc2026_cmp012,421455646.0,area_de_pico
alinc2026_fo_r03,alinc2026_cmp012,132946444.0,area_de_pico
alinc2026_fo_r04,alinc2026_cmp012,4938191273.0,area_de_pico
alinc2026_fo_r05,alinc2026_cmp012,4535490784.0,area_de_pico
alinc2026_t22fo_r01,alinc2026_cmp012,98402933.0,area_de_pico
alinc2026_t22fo_r02,alinc2026_cmp012,46437784.0,area_de_pico
alinc2026_t22fo_r03,alinc2026_cmp012,151091947.0,area_de_pico
alinc2026_t22fo_r04,alinc2026_cmp012,5348510187.0,area_de_pico
alinc2026_t22fo_r05,alinc2026_cmp012,2803561643.0,area_de_pico
alinc2026_ctrl_r01,alinc2026_cmp012,20627312.0,area_de_pico
alinc2026_ctrl_r02,alinc2026_cmp012,32601472.0,area_de_pico
alinc2026_ctrl_r03,alinc2026_cmp012,1452839286.0,area_de_pico
alinc2026_ctrl_r04,alinc2026_cmp012,574412981.0,area_de_pico
alinc2026_ctrl_r05,alinc2026_cmp012,29062540.0,area_de_pico
alinc2026_fo_r01,alinc2026_cmp013,13519511.0,area_de_pico
alinc2026_fo_r02,alinc2026_cmp013,7111472.0,area_de_pico
alinc2026_fo_r03,alinc2026_cmp013,34084.0,area_de_pico
alinc2026_fo_r04,alinc2026_cmp013,88090347.0,area_de_pico
alinc2026_fo_r05,alinc2026_cmp013,68812304.0,area_de_pico
alinc2026_t22fo_r01,alinc2026_cmp013,296086.0,area_de_pico
alinc2026_t22fo_r02,alinc2026_cmp013,236981.0,area_de_pico
alinc2026_t22fo_r03,alinc2026_cmp013,0.0,area_de_pico
alinc2026_t22fo_r04,alinc2026_cmp013,105797156.0,area_de_pico
alinc2026_t22fo_r05,alinc2026_cmp013,34106448.0,area_de_pico
alinc2026_ctrl_r01,alinc2026_cmp013,722557.0,area_de_pico
alinc2026_ctrl_r02,alinc2026_cmp013,189625.0,area_de_pico
alinc2026_ctrl_r03,alinc2026_cmp013,9933444.0,area_de_pico
alinc2026_ctrl_r04,alinc2026_cmp013,2197047.0,area_de_pico
alinc2026_ctrl_r05,alinc2026_cmp013,0.0,area_de_pico
alinc2026_fo_r01,alinc2026_cmp014,1970852.0,area_de_pico
alinc2026_fo_r02,alinc2026_cmp014,12971663.0,area_de_pico
alinc2026_fo_r03,alinc2026_cmp014,33521.0,area_de_pico
alinc2026_fo_r04,alinc2026_cmp014,182359836.0,area_de_pico
alinc2026_fo_r05,alinc2026_cmp014,122447225.0,area_de_pico
alinc2026_t22fo_r01,alinc2026_cmp014,277050.0,area_de_pico
alinc2026_t22fo_r02,alinc2026_cmp014,115723.0,area_de_pico
alinc2026_t22fo_r03,alinc2026_cmp014,431595.0,area_de_pico
alinc2026_t22fo_r04,alinc2026_cmp014,124961635.0,area_de_pico
alinc2026_t22fo_r05,alinc2026_cmp014,70142568.0,area_de_pico
alinc2026_ctrl_r01,alinc2026_cmp014,249924.0,area_de_pico
alinc2026_ctrl_r02,alinc2026_cmp014,113458.0,area_de_pico
alinc2026_ctrl_r03,alinc2026_cmp014,14979864.0,area_de_pico
alinc2026_ctrl_r04,alinc2026_cmp014,3125942.0,area_de_pico
alinc2026_ctrl_r05,alinc2026_cmp014,72466.0,area_de_pico
alinc2026_fo_r01,alinc2026_cmp015,3430548.0,area_de_pico
alinc2026_fo_r02,alinc2026_cmp015,2926129.0,area_de_pico
alinc2026_fo_r03,alinc2026_cmp015,140520.0,area_de_pico
alinc2026_fo_r04,alinc2026_cmp015,34458433.0,area_de_pico
alinc2026_fo_r05,alinc2026_cmp015,27186153.0,area_de_pico
alinc2026_t22fo_r01,alinc2026_cmp015,0.0,area_de_pico
alinc2026_t22fo_r02,alinc2026_cmp015,0.0,area_de_pico
alinc2026_t22fo_r03,alinc2026_cmp015,0.0,area_de_pico
alinc2026_t22fo_r04,alinc2026_cmp015,38544232.0,area_de_pico
alinc2026_t22fo_r05,alinc2026_cmp015,9104101.0,area_de_pico
alinc2026_ctrl_r01,alinc2026_cmp015,58456.0,area_de_pico
alinc2026_ctrl_r02,alinc2026_cmp015,88754.0,area_de_pico
alinc2026_ctrl_r03,alinc2026_cmp015,1920889.0,area_de_pico
alinc2026_ctrl_r04,alinc2026_cmp015,290422.0,area_de_pico
alinc2026_ctrl_r05,alinc2026_cmp015,118392.0,area_de_pico
alinc2026_fo_r01,alinc2026_cmp016,2376100.0,area_de_pico
alinc2026_fo_r02,alinc2026_cmp016,829275.0,area_de_pico
alinc2026_fo_r03,alinc2026_cmp016,0.0,area_de_pico
alinc2026_fo_r04,alinc2026_cmp016,19236120.0,area_de_pico
alinc2026_fo_r05,alinc2026_cmp016,9768711.0,area_de_pico
alinc2026_t22fo_r01,alinc2026_cmp016,0.0,area_de_pico
alinc2026_t22fo_r02,alinc2026_cmp016,10210396.0,area_de_pico
alinc2026_t22fo_r03,alinc2026_cmp016,40418.0,area_de_pico
alinc2026_t22fo_r04,alinc2026_cmp016,5591211.0,area_de_pico
alinc2026_t22fo_r05,alinc2026_cmp016,3691803.0,area_de_pico
alinc2026_ctrl_r01,alinc2026_cmp016,0.0,area_de_pico
alinc2026_ctrl_r02,alinc2026_cmp016,0.0,area_de_pico
alinc2026_ctrl_r03,alinc2026_cmp016,810901.0,area_de_pico
alinc2026_ctrl_r04,alinc2026_cmp016,172670.0,area_de_pico
alinc2026_ctrl_r05,alinc2026_cmp016,0.0,area_de_pico
alinc2026_fo_r01,alinc2026_cmp017,1319951.0,area_de_pico
alinc2026_fo_r02,alinc2026_cmp017,240386.0,area_de_pico
alinc2026_fo_r03,alinc2026_cmp017,70120.0,area_de_pico
alinc2026_fo_r04,alinc2026_cmp017,2857460.0,area_de_pico
alinc2026_fo_r05,alinc2026_cmp017,2228859.0,area_de_pico
alinc2026_t22fo_r01,alinc2026_cmp017,0.0,area_de_pico
alinc2026_t22fo_r02,alinc2026_cmp017,1935648.0,area_de_pico
alinc2026_t22fo_r03,alinc2026_cmp017,0.0,area_de_pico
alinc2026_t22fo_r04,alinc2026_cmp017,1199154.0,area_de_pico
alinc2026_t22fo_r05,alinc2026_cmp017,3694744.0,area_de_pico
alinc2026_ctrl_r01,alinc2026_cmp017,0.0,area_de_pico
alinc2026_ctrl_r02,alinc2026_cmp017,0.0,area_de_pico
alinc2026_ctrl_r03,alinc2026_cmp017,633279.0,area_de_pico
alinc2026_ctrl_r04,alinc2026_cmp017,0.0,area_de_pico
alinc2026_ctrl_r05,alinc2026_cmp017,0.0,area_de_pico
alinc2026_fo_r01,alinc2026_cmp018,5384346.0,area_de_pico
alinc2026_fo_r02,alinc2026_cmp018,18412788.0,area_de_pico
alinc2026_fo_r03,alinc2026_cmp018,184498.0,area_de_pico
alinc2026_fo_r04,alinc2026_cmp018,56899102.0,area_de_pico
alinc2026_fo_r05,alinc2026_cmp018,168764857.0,area_de_pico
alinc2026_t22fo_r01,alinc2026_cmp018,308443.0,area_de_pico
alinc2026_t22fo_r02,alinc2026_cmp018,215285.0,area_de_pico
alinc2026_t22fo_r03,alinc2026_cmp018,62813.0,area_de_pico
alinc2026_t22fo_r04,alinc2026_cmp018,123003893.0,area_de_pico
alinc2026_t22fo_r05,alinc2026_cmp018,49436131.0,area_de_pico
alinc2026_ctrl_r01,alinc2026_cmp018,0.0,area_de_pico
alinc2026_ctrl_r02,alinc2026_cmp018,0.0,area_de_pico
alinc2026_ctrl_r03,alinc2026_cmp018,35125565.0,area_de_pico
alinc2026_ctrl_r04,alinc2026_cmp018,3896241.0,area_de_pico
alinc2026_ctrl_r05,alinc2026_cmp018,307539.0,area_de_pico
alinc2026_fo_r01,alinc2026_cmp019,1659733.0,area_de_pico
alinc2026_fo_r02,alinc2026_cmp019,1413425.0,area_de_pico
alinc2026_fo_r03,alinc2026_cmp019,0.0,area_de_pico
alinc2026_fo_r04,alinc2026_cmp019,0.0,area_de_pico
alinc2026_fo_r05,alinc2026_cmp019,2360113.0,area_de_pico
alinc2026_t22fo_r01,alinc2026_cmp019,0.0,area_de_pico
alinc2026_t22fo_r02,alinc2026_cmp019,1336277.0,area_de_pico
alinc2026_t22fo_r03,alinc2026_cmp019,33330.0,area_de_pico
alinc2026_t22fo_r04,alinc2026_cmp019,746953.0,area_de_pico
alinc2026_t22fo_r05,alinc2026_cmp019,1812413.0,area_de_pico
alinc2026_ctrl_r01,alinc2026_cmp019,0.0,area_de_pico
alinc2026_ctrl_r02,alinc2026_cmp019,141977.0,area_de_pico
alinc2026_ctrl_r03,alinc2026_cmp019,662694.0,area_de_pico
alinc2026_ctrl_r04,alinc2026_cmp019,129010.0,area_de_pico
alinc2026_ctrl_r05,alinc2026_cmp019,0.0,area_de_pico
alinc2026_fo_r01,alinc2026_cmp020,0.0,area_de_pico
alinc2026_fo_r02,alinc2026_cmp020,2973726.0,area_de_pico
alinc2026_fo_r03,alinc2026_cmp020,0.0,area_de_pico
alinc2026_fo_r04,alinc2026_cmp020,13693280.0,area_de_pico
alinc2026_fo_r05,alinc2026_cmp020,3502036.0,area_de_pico
alinc2026_t22fo_r01,alinc2026_cmp020,0.0,area_de_pico
alinc2026_t22fo_r02,alinc2026_cmp020,3625573.0,area_de_pico
alinc2026_t22fo_r03,alinc2026_cmp020,0.0,area_de_pico
alinc2026_t22fo_r04,alinc2026_cmp020,1200570.0,area_de_pico
alinc2026_t22fo_r05,alinc2026_cmp020,2358724.0,area_de_pico
alinc2026_ctrl_r01,alinc2026_cmp020,0.0,area_de_pico
alinc2026_ctrl_r02,alinc2026_cmp020,0.0,area_de_pico
alinc2026_ctrl_r03,alinc2026_cmp020,697962.0,area_de_pico
alinc2026_ctrl_r04,alinc2026_cmp020,78823.0,area_de_pico
alinc2026_ctrl_r05,alinc2026_cmp020,0.0,area_de_pico
alinc2026_fo_r01,alinc2026_cmp021,9363001.0,area_de_pico
alinc2026_fo_r02,alinc2026_cmp021,2540349.0,area_de_pico
alinc2026_fo_r03,alinc2026_cmp021,32021.0,area_de_pico
alinc2026_fo_r04,alinc2026_cmp021,12791009.0,area_de_pico
alinc2026_fo_r05,alinc2026_cmp021,23827872.0,area_de_pico
alinc2026_t22fo_r01,alinc2026_cmp021,81106.0,area_de_pico
alinc2026_t22fo_r02,alinc2026_cmp021,30657.0,area_de_pico
alinc2026_t22fo_r03,alinc2026_cmp021,0.0,area_de_pico
alinc2026_t22fo_r04,alinc2026_cmp021,13764131.0,area_de_pico
alinc2026_t22fo_r05,alinc2026_cmp021,7265757.0,area_de_pico
alinc2026_ctrl_r01,alinc2026_cmp021,0.0,area_de_pico
alinc2026_ctrl_r02,alinc2026_cmp021,0.0,area_de_pico
alinc2026_ctrl_r03,alinc2026_cmp021,947138.0,area_de_pico
alinc2026_ctrl_r04,alinc2026_cmp021,384523.0,area_de_pico
alinc2026_ctrl_r05,alinc2026_cmp021,88862.0,area_de_pico
alinc2026_fo_r01,alinc2026_cmp022,0.0,area_de_pico
alinc2026_fo_r02,alinc2026_cmp022,1187103.0,area_de_pico
alinc2026_fo_r03,alinc2026_cmp022,0.0,area_de_pico
alinc2026_fo_r04,alinc2026_cmp022,2549447.0,area_de_pico
alinc2026_fo_r05,alinc2026_cmp022,1221898.0,area_de_pico
alinc2026_t22fo_r01,alinc2026_cmp022,0.0,area_de_pico
alinc2026_t22fo_r02,alinc2026_cmp022,1592537.0,area_de_pico
alinc2026_t22fo_r03,alinc2026_cmp022,0.0,area_de_pico
alinc2026_t22fo_r04,alinc2026_cmp022,863069.0,area_de_pico
alinc2026_t22fo_r05,alinc2026_cmp022,1677545.0,area_de_pico
alinc2026_ctrl_r01,alinc2026_cmp022,0.0,area_de_pico
alinc2026_ctrl_r02,alinc2026_cmp022,0.0,area_de_pico
alinc2026_ctrl_r03,alinc2026_cmp022,307144.0,area_de_pico
alinc2026_ctrl_r04,alinc2026_cmp022,0.0,area_de_pico
alinc2026_ctrl_r05,alinc2026_cmp022,0.0,area_de_pico
alinc2026_fo_r01,alinc2026_cmp023,1100868.0,area_de_pico
alinc2026_fo_r02,alinc2026_cmp023,2355184.0,area_de_pico
alinc2026_fo_r03,alinc2026_cmp023,0.0,area_de_pico
alinc2026_fo_r04,alinc2026_cmp023,0.0,area_de_pico
alinc2026_fo_r05,alinc2026_cmp023,2629987.0,area_de_pico
alinc2026_t22fo_r01,alinc2026_cmp023,37923.0,area_de_pico
alinc2026_t22fo_r02,alinc2026_cmp023,91031.0,area_de_pico
alinc2026_t22fo_r03,alinc2026_cmp023,55554.0,area_de_pico
alinc2026_t22fo_r04,alinc2026_cmp023,1156385.0,area_de_pico
alinc2026_t22fo_r05,alinc2026_cmp023,55277.0,area_de_pico
alinc2026_ctrl_r01,alinc2026_cmp023,0.0,area_de_pico
alinc2026_ctrl_r02,alinc2026_cmp023,0.0,area_de_pico
alinc2026_ctrl_r03,alinc2026_cmp023,421150.0,area_de_pico
alinc2026_ctrl_r04,alinc2026_cmp023,200506.0,area_de_pico
alinc2026_ctrl_r05,alinc2026_cmp023,23767.0,area_de_pico
